INSERT INTO Genero(IdGenero, Nome)
VALUES
(1, 'Mulher cis'),
(2, 'Mulher trans'),
(3, 'Homem cis'),
(4, 'Homem trans'),
(5, 'Não-binário'),
(6, 'Outros');

-- Usuarios populados com ajuda de IA: https://chatgpt.com/share/68e06a4d-f260-8012-a2dc-e95e92dbd793
INSERT INTO Usuario (IdUsuario, Cidade, DataNascimento, Nome, Bio, IdGenero)
VALUES
(1, 'Campinas', '2003-12-17', 'Lucas Peixoto', 'Faço bolo muito bem, gosto de trilha. :)', 3),
(2, 'São Paulo', '1998-07-22', 'Mariana Silva', 'Adoro música ao vivo e cafés. Procurando alguém para aventuras urbanas.', 1),
(3, 'Rio de Janeiro', '1995-03-14', 'Rafael Oliveira', 'Surfista nas horas vagas. Procuro alguém que ame praia e pôr do sol.', 3),
(4, 'Belo Horizonte', '2000-11-05', 'Camila Santos', 'Cozinhar é minha terapia. Busco alguém que aprecie bons pratos e risadas.', 2),
(5, 'Salvador', '1992-01-30', 'Thiago Costa', 'Carnaval é minha paixão. Quero alguém animado e divertido para curtir a vida.', 3),
(6, 'Fortaleza', '1999-08-18', 'Julia Fernandes', 'Gosto de leitura e filmes de suspense. Procuro companhia para aventuras culturais.', 1),
(7, 'Brasília', '1996-04-10', 'Eduardo Lima', 'Tecnologia e ciência são meu mundo. Busco alguém curioso e inteligente.', 3),
(8, 'Curitiba', '2001-06-25', 'Beatriz Rocha', 'Amo animais e trilhas. Procurando alguém para explorar a natureza comigo.', 1),
(9, 'Manaus', '1997-12-02', 'Felipe Almeida', 'Apaixonado por música e gastronomia. Procuro uma alma criativa.', 3),
(10, 'Recife', '1994-09-11', 'Ana Carolina', 'Gosto de dançar e viajar. Busco alguém para compartilhar aventuras e histórias.', 1),
(11, 'Porto Alegre', '1993-05-16', 'Bruno Pereira', 'Futebol é minha paixão. Procuro companhia para jogos e bons papos.', 3),
(12, 'Belém', '2002-02-08', 'Larissa Gomes', 'Arte e cultura me fascinam. Procuro alguém que ame descobrir coisas novas.', 1),
(13, 'Goiânia', '1998-10-21', 'Gabriel Martins', 'Cerveja artesanal e música sertaneja são minha vibe. Busco alguém que curta o mesmo.', 3),
(14, 'Guarulhos', '2000-07-12', 'Isabela Nunes', 'Amo cinema e séries. Procuro companhia para maratonas e risadas.', 1),
(15, 'Campina Grande', '1995-03-29', 'Rogério Santos', 'Tecnologia e games são minha vida. Procuro alguém que curta jogar e conversar.', 4),
(16, 'São Luís', '1999-01-04', 'Marina Costa', 'Praia e esportes ao ar livre me fazem feliz. Busco alguém com energia positiva.', 1),
(17, 'Maceió', '2001-11-15', 'Vinicius Rocha', 'Gosto de música, dança e encontros culturais. Procurando alguém animado.', 3),
(18, 'Natal', '1996-08-09', 'Patrícia Silva', 'Leitura e viagens são minha paixão. Procuro alguém que ame explorar o mundo.', 1),
(19, 'Teresina', '1997-04-23', 'Diego Carvalho', 'Amo esportes e tecnologia. Busco alguém para compartilhar interesses e bons momentos.', 3),
(20, 'Joinville', '1998-12-31', 'Carolina Martins', 'Fotografia e natureza me encantam. Quero alguém para aventuras fotográficas.', 1),
(21, 'São Paulo', '1995-02-19', 'Larissa Melo', 'Café, filmes e conversas longas. Procuro alguém que ame bons papos.', 1),
(22, 'Rio de Janeiro', '2000-06-07', 'Lucas Fernandes', 'Praia, esportes e música. Busco alguém para aventuras ao ar livre.', 3),
(23, 'Belo Horizonte', '1998-11-22', 'Camila Rocha', 'Gosto de livros e culinária. Procuro alguém curioso e divertido.', 1),
(24, 'Salvador', '1996-09-14', 'Bruno Santos', 'Samba e música me movem. Quero alguém animado e positivo.', 3),
(25, 'Fortaleza', '1999-03-30', 'Juliana Alves', 'Amo viagens e natureza. Procuro companhia para explorar o mundo.', 1),
(26, 'Brasília', '2001-07-12', 'Rafael Lima', 'Tecnologia, ciência e jogos. Busco alguém inteligente e divertido.', 3),
(27, 'Curitiba', '1997-05-03', 'Marina Nunes', 'Trilhas e fotografia são minhas paixões. Quero alguém que ame explorar.', 5),
(28, 'Manaus', '1994-12-20', 'Thiago Carvalho', 'Gosto de música e gastronomia. Procuro uma alma criativa e divertida.', 3),
(29, 'Recife', '2002-01-15', 'Ana Souza', 'Dança e cultura me fascinam. Procuro alguém animado e curioso.', 1),
(30, 'Porto Alegre', '1993-08-28', 'Gabriel Martins', 'Futebol e cerveja são minha vibe. Busco companhia para bons momentos.', 3),
(31, 'Belém', '2000-10-05', 'Larissa Oliveira', 'Arte e leitura são essenciais. Procuro alguém que ame descobrir coisas novas.', 5),
(32, 'Goiânia', '1995-04-11', 'Vinicius Lima', 'Sertanejo e viagens. Busco alguém que curta aventuras e risadas.', 3),
(33, 'Guarulhos', '1998-09-19', 'Isabela Costa', 'Cinema, séries e viagens. Procuro alguém para diversão e bons momentos.', 1),
(34, 'Campinas', '1999-12-23', 'Rogério Almeida', 'Games e tecnologia são minha paixão. Procuro alguém curioso e divertido.', 4),
(35, 'São Luís', '1997-02-07', 'Marina Fernandes', 'Praia, esportes e música. Procuro alguém que ame a vida ao ar livre.', 1),
(36, 'Maceió', '2001-05-18', 'Vinicius Santos', 'Cultura e gastronomia me encantam. Busco companhia animada.', 3),
(37, 'Natal', '1996-11-03', 'Patrícia Gomes', 'Leitura, filmes e viagens. Procuro alguém para compartilhar aventuras.', 1),
(38, 'Teresina', '1995-07-29', 'Diego Martins', 'Esportes e tecnologia são minha vibe. Quero alguém para bons momentos.', 3),
(39, 'Joinville', '2000-04-10', 'Carolina Souza', 'Fotografia e natureza. Procuro alguém que ame explorar e registrar.', 5),
(40, 'Campinas', '1998-03-14', 'Lucas Almeida', 'Cozinhar é minha terapia. Busco alguém para aventuras gastronômicas.', 3),
(41, 'São Paulo', '2002-08-25', 'Mariana Costa', 'Música, cafés e viagens. Quero alguém que ame explorar a cidade.', 5),
(42, 'Rio de Janeiro', '1996-05-12', 'Felipe Rocha', 'Surf e praia são minha paixão. Procuro companhia para aventuras.', 3),
(43, 'Belo Horizonte', '1999-10-30', 'Camila Santos', 'Livros e cultura me inspiram. Procuro alguém curioso e divertido.', 2),
(44, 'Salvador', '2001-12-01', 'Thiago Lima', 'Samba, festa e alegria. Procuro alguém animado e positivo.', 3),
(45, 'Fortaleza', '1997-06-22', 'Julia Souza', 'Natureza e esportes ao ar livre. Quero alguém com energia positiva.', 1),
(46, 'Brasília', '1995-09-16', 'Eduardo Martins', 'Tecnologia e ciência me fascinam. Procuro alguém inteligente e curioso.', 3),
(47, 'Curitiba', '2000-02-27', 'Beatriz Costa', 'Trilhas e animais são minha paixão. Procuro alguém que ame a natureza.', 1),
(48, 'Manaus', '1998-11-11', 'Felipe Santos', 'Música e gastronomia. Quero alguém criativo e divertido.', 3),
(49, 'Recife', '1996-01-08', 'Ana Lima', 'Dança, arte e cultura. Procuro alguém para compartilhar aventuras.', 1),
(50, 'Porto Alegre', '2002-07-04', 'Bruno Martins', 'Futebol, amigos e cerveja. Quero companhia animada.', 3),
(51, 'Belém', '1999-03-21', 'Larissa Gomes', 'Arte, leitura e viagens. Procuro alguém curioso e aventureiro.', 1),
(52, 'Goiânia', '1995-05-30', 'Gabriel Rocha', 'Música sertaneja e passeios. Procuro companhia divertida.', 3),
(53, 'Guarulhos', '2001-09-09', 'Isabela Martins', 'Cinema, séries e viagens. Procuro alguém para diversão e bons momentos.', 1),
(54, 'Campinas', '1997-04-12', 'Beatriz Almeida', 'Amo trilhas e cafés. Procuro alguém que goste de aventuras ao ar livre.', 1),
(55, 'Campinas', '2000-11-30', 'Rafael Souza', 'Futebol e tecnologia são minhas paixões. Busco alguém divertido e curioso.', 3),
(56, 'Campinas', '1998-07-21', 'Mariana Rocha', 'Leitura, filmes e música me fascinam. Procuro companhia para boas conversas.', 1),
(57, 'Campinas', '2001-03-15', 'Lucas Martins', 'Cozinhar é meu hobby. Quero alguém que ame experimentar pratos novos.', 5),
(58, 'Campinas', '1996-12-05', 'Camila Costa', 'Arte, viagens e natureza. Procuro alguém curioso e aventureiro.', 2),
(59, 'Campinas', '1999-08-17', 'Thiago Almeida', 'Surf e praia são minha paixão. Busco alguém animado e divertido.', 6),
(60, 'Campinas', '2002-02-22', 'Julia Santos', 'Cinema, séries e café. Quero alguém para maratonas e boas risadas.', 1),
(61, 'Campinas', '1995-09-09', 'Eduardo Rocha', 'Música e esportes me fazem feliz. Procuro alguém que compartilhe momentos especiais.', 3),
(62, 'Campinas', '2000-06-11', 'Isabela Martins', 'Fotografia e natureza são meu hobby. Procuro alguém que ame explorar e registrar.', 1),
(63, 'Campinas', '1998-01-28', 'Felipe Costa', 'Tecnologia e games. Busco alguém divertido e que curta aventuras urbanas.', 3),
(64, 'Campinas', '2001-10-05', 'Larissa Oliveira', 'Amo trilhas, leitura e cafés. Procuro alguém curioso e animado.', 1),
(65, 'Campinas', '1997-03-19', 'Bruno Lima', 'Futebol, viagens e música. Quero companhia para aventuras e bons momentos.', 3),
(66, 'Campinas', '1999-05-27', 'Carolina Rocha', 'Cultura, arte e gastronomia. Procuro alguém criativo e divertido.', 1),
(67, 'Campinas', '2002-12-14', 'Vinicius Santos', 'Praia e esportes ao ar livre. Procuro alguém com energia positiva.', 3),
(68, 'Campinas', '1996-08-30', 'Patrícia Gomes', 'Leitura, filmes e viagens. Busco alguém para compartilhar aventuras.', 1);

-- Fotos populadas com ajuda de IA: https://chatgpt.com/share/68e06a4d-f260-8012-a2dc-e95e92dbd793
INSERT INTO FotoUsuario(IdFoto, IdUsuario, UrlFoto)
VALUES
(1, 1, 'https://randomuser.me/api/portraits/men/1.jpg'),
(2, 1, 'https://randomuser.me/api/portraits/men/2.jpg'),
(3, 1, 'https://randomuser.me/api/portraits/men/3.jpg'),
(4, 2, 'https://randomuser.me/api/portraits/women/1.jpg'),
(5, 2, 'https://randomuser.me/api/portraits/women/2.jpg'),
(6, 2, 'https://randomuser.me/api/portraits/women/3.jpg'),
(7, 3, 'https://randomuser.me/api/portraits/men/4.jpg'),
(8, 3, 'https://randomuser.me/api/portraits/men/5.jpg'),
(9, 3, 'https://randomuser.me/api/portraits/men/6.jpg'),
(10, 4, 'https://randomuser.me/api/portraits/women/4.jpg'),
(11, 4, 'https://randomuser.me/api/portraits/women/5.jpg'),
(12, 4, 'https://randomuser.me/api/portraits/women/6.jpg'),
(13, 5, 'https://randomuser.me/api/portraits/men/7.jpg'),
(14, 5, 'https://randomuser.me/api/portraits/men/8.jpg'),
(15, 5, 'https://randomuser.me/api/portraits/men/9.jpg'),
(16, 6, 'https://randomuser.me/api/portraits/women/7.jpg'),
(17, 6, 'https://randomuser.me/api/portraits/women/8.jpg'),
(18, 6, 'https://randomuser.me/api/portraits/women/9.jpg'),
(19, 7, 'https://randomuser.me/api/portraits/men/10.jpg'),
(20, 7, 'https://randomuser.me/api/portraits/men/11.jpg'),
(21, 7, 'https://randomuser.me/api/portraits/men/12.jpg'),
(22, 8, 'https://randomuser.me/api/portraits/women/10.jpg'),
(23, 8, 'https://randomuser.me/api/portraits/women/11.jpg'),
(24, 8, 'https://randomuser.me/api/portraits/women/12.jpg'),
(25, 9, 'https://randomuser.me/api/portraits/men/13.jpg'),
(26, 9, 'https://randomuser.me/api/portraits/men/14.jpg'),
(27, 9, 'https://randomuser.me/api/portraits/men/15.jpg'),
(28, 10, 'https://randomuser.me/api/portraits/women/13.jpg'),
(29, 10, 'https://randomuser.me/api/portraits/women/14.jpg'),
(30, 10, 'https://randomuser.me/api/portraits/women/15.jpg'),
(31, 11, 'https://randomuser.me/api/portraits/men/16.jpg'),
(32, 11, 'https://randomuser.me/api/portraits/men/17.jpg'),
(33, 11, 'https://randomuser.me/api/portraits/men/18.jpg'),
(34, 12, 'https://randomuser.me/api/portraits/women/16.jpg'),
(35, 12, 'https://randomuser.me/api/portraits/women/17.jpg'),
(36, 12, 'https://randomuser.me/api/portraits/women/18.jpg'),
(37, 13, 'https://randomuser.me/api/portraits/men/19.jpg'),
(38, 13, 'https://randomuser.me/api/portraits/men/20.jpg'),
(39, 13, 'https://randomuser.me/api/portraits/men/21.jpg'),
(40, 14, 'https://randomuser.me/api/portraits/women/19.jpg'),
(41, 14, 'https://randomuser.me/api/portraits/women/20.jpg'),
(42, 14, 'https://randomuser.me/api/portraits/women/21.jpg'),
(43, 15, 'https://randomuser.me/api/portraits/men/22.jpg'),
(44, 15, 'https://randomuser.me/api/portraits/men/23.jpg'),
(45, 15, 'https://randomuser.me/api/portraits/men/24.jpg'),
(46, 16, 'https://randomuser.me/api/portraits/women/22.jpg'),
(47, 16, 'https://randomuser.me/api/portraits/women/23.jpg'),
(48, 16, 'https://randomuser.me/api/portraits/women/24.jpg'),
(49, 17, 'https://randomuser.me/api/portraits/men/25.jpg'),
(50, 17, 'https://randomuser.me/api/portraits/men/26.jpg'),
(51, 17, 'https://randomuser.me/api/portraits/men/27.jpg'),
(52, 18, 'https://randomuser.me/api/portraits/women/25.jpg'),
(53, 18, 'https://randomuser.me/api/portraits/women/26.jpg'),
(54, 18, 'https://randomuser.me/api/portraits/women/27.jpg'),
(55, 19, 'https://randomuser.me/api/portraits/men/28.jpg'),
(56, 19, 'https://randomuser.me/api/portraits/men/29.jpg'),
(57, 19, 'https://randomuser.me/api/portraits/men/30.jpg'),
(58, 20, 'https://randomuser.me/api/portraits/women/28.jpg'),
(59, 20, 'https://randomuser.me/api/portraits/women/29.jpg'),
(60, 20, 'https://randomuser.me/api/portraits/women/30.jpg'),
(61, 21, 'https://randomuser.me/api/portraits/men/31.jpg'),
(62, 21, 'https://randomuser.me/api/portraits/men/32.jpg'),
(63, 21, 'https://randomuser.me/api/portraits/men/33.jpg'),
(64, 22, 'https://randomuser.me/api/portraits/women/31.jpg'),
(65, 22, 'https://randomuser.me/api/portraits/women/32.jpg'),
(66, 22, 'https://randomuser.me/api/portraits/women/33.jpg'),
(67, 23, 'https://randomuser.me/api/portraits/men/34.jpg'),
(68, 23, 'https://randomuser.me/api/portraits/men/35.jpg'),
(69, 23, 'https://randomuser.me/api/portraits/men/36.jpg'),
(70, 24, 'https://randomuser.me/api/portraits/women/34.jpg'),
(71, 24, 'https://randomuser.me/api/portraits/women/35.jpg'),
(72, 24, 'https://randomuser.me/api/portraits/women/36.jpg'),
(73, 25, 'https://randomuser.me/api/portraits/men/37.jpg'),
(74, 25, 'https://randomuser.me/api/portraits/men/38.jpg'),
(75, 25, 'https://randomuser.me/api/portraits/men/39.jpg'),
(76, 26, 'https://randomuser.me/api/portraits/women/37.jpg'),
(77, 26, 'https://randomuser.me/api/portraits/women/38.jpg'),
(78, 26, 'https://randomuser.me/api/portraits/women/39.jpg'),
(79, 27, 'https://randomuser.me/api/portraits/men/40.jpg'),
(80, 27, 'https://randomuser.me/api/portraits/men/41.jpg'),
(81, 27, 'https://randomuser.me/api/portraits/men/42.jpg'),
(82, 28, 'https://randomuser.me/api/portraits/women/40.jpg'),
(83, 28, 'https://randomuser.me/api/portraits/women/41.jpg'),
(84, 28, 'https://randomuser.me/api/portraits/women/42.jpg'),
(85, 29, 'https://randomuser.me/api/portraits/men/43.jpg'),
(86, 29, 'https://randomuser.me/api/portraits/men/44.jpg'),
(87, 29, 'https://randomuser.me/api/portraits/men/45.jpg'),
(88, 30, 'https://randomuser.me/api/portraits/women/43.jpg'),
(89, 30, 'https://randomuser.me/api/portraits/women/44.jpg'),
(90, 30, 'https://randomuser.me/api/portraits/women/45.jpg'),
(91, 31, 'https://randomuser.me/api/portraits/men/46.jpg'),
(92, 31, 'https://randomuser.me/api/portraits/men/47.jpg'),
(93, 31, 'https://randomuser.me/api/portraits/men/48.jpg'),
(94, 32, 'https://randomuser.me/api/portraits/women/46.jpg'),
(95, 32, 'https://randomuser.me/api/portraits/women/47.jpg'),
(96, 32, 'https://randomuser.me/api/portraits/women/48.jpg'),
(97, 33, 'https://randomuser.me/api/portraits/men/49.jpg'),
(98, 33, 'https://randomuser.me/api/portraits/men/50.jpg'),
(99, 33, 'https://randomuser.me/api/portraits/men/51.jpg'),
(100, 34, 'https://randomuser.me/api/portraits/women/49.jpg'),
(101, 34, 'https://randomuser.me/api/portraits/women/50.jpg'),
(102, 34, 'https://randomuser.me/api/portraits/women/51.jpg'),
(103, 35, 'https://randomuser.me/api/portraits/men/52.jpg'),
(104, 35, 'https://randomuser.me/api/portraits/men/53.jpg'),
(105, 35, 'https://randomuser.me/api/portraits/men/54.jpg'),
(106, 36, 'https://randomuser.me/api/portraits/women/52.jpg'),
(107, 36, 'https://randomuser.me/api/portraits/women/53.jpg'),
(108, 36, 'https://randomuser.me/api/portraits/women/54.jpg'),
(109, 37, 'https://randomuser.me/api/portraits/men/55.jpg'),
(110, 37, 'https://randomuser.me/api/portraits/men/56.jpg'),
(111, 37, 'https://randomuser.me/api/portraits/men/57.jpg'),
(112, 38, 'https://randomuser.me/api/portraits/women/55.jpg'),
(113, 38, 'https://randomuser.me/api/portraits/women/56.jpg'),
(114, 38, 'https://randomuser.me/api/portraits/women/57.jpg'),
(115, 39, 'https://randomuser.me/api/portraits/men/58.jpg'),
(116, 39, 'https://randomuser.me/api/portraits/men/59.jpg'),
(117, 39, 'https://randomuser.me/api/portraits/men/60.jpg'),
(118, 40, 'https://randomuser.me/api/portraits/women/58.jpg'),
(119, 40, 'https://randomuser.me/api/portraits/women/59.jpg'),
(120, 40, 'https://randomuser.me/api/portraits/women/60.jpg'),
(121, 41, 'https://randomuser.me/api/portraits/men/61.jpg'),
(122, 41, 'https://randomuser.me/api/portraits/men/62.jpg'),
(123, 42, 'https://randomuser.me/api/portraits/women/61.jpg'),
(124, 42, 'https://randomuser.me/api/portraits/women/62.jpg'),
(125, 43, 'https://randomuser.me/api/portraits/men/63.jpg'),
(126, 43, 'https://randomuser.me/api/portraits/men/64.jpg'),
(127, 44, 'https://randomuser.me/api/portraits/women/63.jpg'),
(128, 44, 'https://randomuser.me/api/portraits/women/64.jpg'),
(129, 45, 'https://randomuser.me/api/portraits/men/65.jpg'),
(130, 45, 'https://randomuser.me/api/portraits/men/66.jpg'),
(131, 46, 'https://randomuser.me/api/portraits/women/65.jpg'),
(132, 46, 'https://randomuser.me/api/portraits/women/66.jpg'),
(133, 47, 'https://randomuser.me/api/portraits/men/67.jpg'),
(134, 47, 'https://randomuser.me/api/portraits/men/68.jpg'),
(135, 48, 'https://randomuser.me/api/portraits/women/67.jpg'),
(136, 48, 'https://randomuser.me/api/portraits/women/68.jpg'),
(137, 49, 'https://randomuser.me/api/portraits/men/69.jpg'),
(138, 49, 'https://randomuser.me/api/portraits/men/70.jpg'),
(139, 50, 'https://randomuser.me/api/portraits/women/69.jpg'),
(140, 50, 'https://randomuser.me/api/portraits/women/70.jpg');


-- Rating populados com ajuda de IA: https://chatgpt.com/share/68e06a4d-f260-8012-a2dc-e95e92dbd793
INSERT INTO Rating(IdRating, Valor, IdUsuario)
VALUES
(1, 10, 1),
(2, 16, 1),
(3, 30, 1),
(4, 60, 1),
(5, 90, 1),
(6, 300, 2),
(7, 120, 2),
(8, 450, 2),
(9, 600, 2),
(10, 15, 3),
(11, 240, 3),
(12, 75, 3),
(13, 360, 3),
(14, 900, 4),
(15, 480, 4),
(16, 105, 4),
(17, 30, 5),
(18, 180, 5),
(19, 540, 5),
(20, 1020, 5),
(21, 60, 6),
(22, 120, 6),
(23, 240, 6),
(24, 480, 6),
(25, 960, 7),
(26, 30, 7),
(27, 15, 7),
(28, 300, 8),
(29, 600, 8),
(30, 105, 8),
(31, 210, 9),
(32, 420, 9),
(33, 840, 9),
(34, 1080, 10),
(35, 75, 10),
(36, 150, 10),
(37, 15, 11),
(38, 45, 11),
(39, 90, 11),
(40, 180, 12),
(41, 360, 12),
(42, 720, 12),
(43, 60, 13),
(44, 120, 13),
(45, 240, 13),
(46, 480, 14),
(47, 960, 14),
(48, 15, 14),
(49, 30, 15),
(50, 75, 15),
(51, 150, 15),
(52, 300, 16),
(53, 600, 16),
(54, 120, 16),
(55, 240, 17),
(56, 480, 17),
(57, 960, 17),
(58, 10, 18),
(59, 20, 18),
(60, 40, 18),
(61, 80, 19),
(62, 160, 19),
(63, 320, 19),
(64, 640, 20),
(65, 1280, 20),
(66, 30, 21),
(67, 60, 21),
(68, 120, 21),
(69, 240, 22),
(70, 480, 22),
(71, 960, 22),
(72, 15, 23),
(73, 30, 23),
(74, 60, 23),
(75, 120, 24),
(76, 240, 24),
(77, 480, 24),
(78, 960, 25),
(79, 20, 25),
(80, 40, 25),
(81, 80, 26),
(82, 160, 26),
(83, 320, 26),
(84, 640, 27),
(85, 128, 27),
(86, 256, 27),
(87, 512, 28),
(88, 1024, 28),
(89, 10, 29),
(90, 20, 29),
(91, 40, 29),
(92, 80, 30),
(93, 160, 30),
(94, 320, 30),
(95, 640, 31),
(96, 128, 31),
(97, 256, 31),
(98, 512, 32),
(99, 1024, 32),
(100, 30, 33),
(101, 60, 33),
(102, 120, 33),
(103, 240, 34),
(104, 480, 34),
(105, 960, 34),
(106, 15, 35),
(107, 30, 35),
(108, 60, 35),
(109, 120, 36),
(110, 240, 36),
(111, 480, 36),
(112, 960, 37),
(113, 20, 37),
(114, 40, 37),
(115, 80, 38),
(116, 160, 38),
(117, 320, 38),
(118, 640, 39),
(119, 128, 39),
(120, 256, 39),
(121, 512, 40),
(122, 1024, 40),
(123, 10, 41),
(124, 20, 41),
(125, 40, 41),
(126, 80, 42),
(127, 160, 42),
(128, 320, 42),
(129, 640, 43),
(130, 128, 43),
(131, 256, 43),
(132, 512, 44),
(133, 1024, 44),
(134, 30, 45),
(135, 60, 45),
(136, 120, 45),
(137, 240, 46),
(138, 480, 46),
(139, 960, 46),
(140, 15, 47),
(141, 30, 47),
(142, 60, 47),
(143, 120, 48),
(144, 240, 48),
(145, 480, 48),
(146, 960, 49),
(147, 20, 49),
(148, 40, 49),
(149, 80, 50),
(150, 160, 50),
(151, 320, 50),
(152, 640, 51),
(153, 128, 51),
(154, 256, 51),
(155, 512, 52),
(156, 1024, 52),
(157, 10, 53),
(158, 20, 53),
(159, 40, 53),
(160, 80, 54),
(161, 160, 54),
(162, 320, 54),
(163, 640, 55),
(164, 128, 55),
(165, 256, 55),
(166, 512, 56),
(167, 1024, 56),
(168, 30, 57),
(169, 60, 57),
(170, 120, 57),
(171, 240, 58),
(172, 480, 58),
(173, 960, 58),
(174, 15, 59),
(175, 30, 59),
(176, 60, 59),
(177, 120, 60),
(178, 240, 60),
(179, 480, 60),
(180, 960, 61),
(181, 20, 61),
(182, 40, 61),
(183, 80, 62),
(184, 160, 62),
(185, 320, 62),
(186, 640, 63),
(187, 128, 63),
(188, 256, 63),
(189, 512, 64),
(190, 1024, 64),
(191, 10, 65),
(192, 20, 65),
(193, 40, 65),
(194, 80, 66),
(195, 160, 66),
(196, 320, 66),
(197, 640, 67),
(198, 128, 67),
(199, 256, 67);


-- Visualização populada com ajuda de IA: https://chatgpt.com/share/68e06a4d-f260-8012-a2dc-e95e92dbd793
INSERT INTO Visualizou(IdVisualizou, IdUsuarioVisualizador, IdUsuarioVisualizado)
VALUES
(1, 1, 12),
(2, 1, 5),
(3, 1, 19),
(4, 1, 7),
(5, 2, 22),
(6, 2, 17),
(7, 2, 5),
(8, 2, 50),
(9, 2, 55),
(10, 3, 10),
(11, 3, 14),
(12, 3, 21),
(13, 3, 33),
(14, 4, 6),
(15, 4, 9),
(16, 4, 28),
(17, 4, 41),
(18, 5, 60),
(19, 5, 7),
(20, 5, 13),
(21, 5, 27),
(22, 6, 2),
(23, 6, 18),
(24, 6, 29),
(25, 6, 44),
(26, 7, 1),
(27, 7, 5),
(28, 7, 11),
(29, 7, 22),
(30, 8, 14),
(31, 8, 23),
(32, 8, 37),
(33, 8, 41),
(34, 9, 12),
(35, 9, 25),
(36, 9, 36),
(37, 10, 3),
(38, 10, 6),
(39, 10, 18),
(40, 10, 27),
(41, 11, 2),
(42, 11, 8),
(43, 11, 14),
(44, 11, 29),
(45, 12, 7),
(46, 12, 19),
(47, 12, 35),
(48, 13, 1),
(49, 13, 5),
(50, 13, 20),
(51, 13, 24),
(52, 14, 4),
(53, 14, 9),
(54, 14, 12),
(55, 14, 30),
(56, 15, 11),
(57, 15, 22),
(58, 15, 33),
(59, 16, 3),
(60, 16, 6),
(61, 16, 17),
(62, 16, 28),
(63, 17, 5),
(64, 17, 8),
(65, 17, 14),
(66, 17, 40),
(67, 18, 2),
(68, 18, 9),
(69, 18, 19),
(70, 18, 31),
(71, 19, 12),
(72, 19, 23),
(73, 19, 37),
(74, 20, 1),
(75, 20, 6),
(76, 20, 11),
(77, 20, 25),
(78, 21, 4),
(79, 21, 8),
(80, 21, 14),
(81, 21, 29),
(82, 22, 5),
(83, 22, 18),
(84, 22, 32),
(85, 23, 3),
(86, 23, 7),
(87, 23, 12),
(88, 23, 36),
(89, 24, 1),
(90, 24, 9),
(91, 24, 19),
(92, 24, 28),
(93, 25, 6),
(94, 25, 11),
(95, 25, 23),
(96, 26, 2),
(97, 26, 8),
(98, 26, 14),
(99, 26, 30),
(100, 27, 5),
(101, 27, 12),
(102, 27, 17),
(103, 27, 33),
(104, 28, 1),
(105, 28, 9),
(106, 28, 18),
(107, 28, 37),
(108, 29, 7),
(109, 29, 13),
(110, 29, 24),
(111, 30, 3),
(112, 30, 6),
(113, 30, 11),
(114, 30, 20),
(115, 31, 2),
(116, 31, 8),
(117, 31, 14),
(118, 31, 27),
(119, 32, 5),
(120, 32, 12),
(121, 32, 29),
(122, 33, 1),
(123, 33, 9),
(124, 33, 18),
(125, 33, 36),
(126, 34, 4),
(127, 34, 7),
(128, 34, 13),
(129, 34, 25),
(130, 35, 6),
(131, 35, 12),
(132, 35, 23),
(133, 36, 2),
(134, 36, 8),
(135, 36, 17),
(136, 36, 30),
(137, 37, 1),
(138, 37, 9),
(139, 37, 19),
(140, 37, 32),
(141, 38, 3),
(142, 38, 7),
(143, 38, 14),
(144, 38, 27),
(145, 39, 5),
(146, 39, 12),
(147, 39, 25),
(148, 40, 2),
(149, 40, 8),
(150, 40, 18),
(151, 40, 33),
(152, 41, 1),
(153, 41, 9),
(154, 41, 20),
(155, 41, 36),
(156, 42, 6),
(157, 42, 11),
(158, 42, 24),
(159, 43, 3),
(160, 43, 7),
(161, 43, 13),
(162, 43, 29),
(163, 44, 2),
(164, 44, 5),
(165, 44, 17),
(166, 44, 30),
(167, 45, 8),
(168, 45, 12),
(169, 45, 23),
(170, 46, 1),
(171, 46, 6),
(172, 46, 14),
(173, 46, 27),
(174, 47, 3),
(175, 47, 7),
(176, 47, 11),
(177, 47, 22),
(178, 48, 5),
(179, 48, 18),
(180, 48, 31),
(181, 49, 2),
(182, 49, 9),
(183, 49, 20),
(184, 49, 36),
(185, 50, 1),
(186, 50, 6),
(187, 50, 12),
(188, 50, 25);

-- Matches populados com ajuda de IA: https://chatgpt.com/share/68e06a4d-f260-8012-a2dc-e95e92dbd793
INSERT INTO DeuMatch(IdDeuMatch, MatchSucesso, IdUsuarioDeuLike, IdUsuarioRecebeuLike)
VALUES
(1, true, 1, 27),
(2, false, 2, 38),
(3, true, 23, 1),
(4, true, 50, 6),
(5, false, 3, 14),
(6, true, 4, 22),
(7, true, 5, 18),
(8, false, 6, 12),
(9, true, 7, 9),
(10, true, 8, 31),
(11, false, 9, 2),
(12, true, 10, 20),
(13, true, 11, 7),
(14, false, 12, 25),
(15, true, 13, 5),
(16, true, 14, 19),
(17, false, 15, 8),
(18, true, 16, 29),
(19, true, 17, 33),
(20, false, 18, 11),
(21, true, 19, 6),
(22, true, 20, 2),
(23, false, 21, 12),
(24, true, 22, 30),
(25, true, 23, 4),
(26, false, 24, 9),
(27, true, 25, 18),
(28, true, 26, 14),
(29, false, 27, 3),
(30, true, 28, 16),
(31, true, 29, 7),
(32, false, 30, 5),
(33, true, 31, 20),
(34, true, 32, 12),
(35, false, 33, 2),
(36, true, 34, 27),
(37, true, 35, 11),
(38, false, 36, 19),
(39, true, 37, 8),
(40, true, 38, 22),
(41, false, 39, 3),
(42, true, 40, 25),
(43, true, 41, 6),
(44, false, 42, 10),
(45, true, 43, 14),
(46, true, 44, 1),
(47, false, 45, 17),
(48, true, 46, 32),
(49, true, 47, 9),
(50, false, 48, 12),
(51, true, 49, 18),
(52, true, 50, 5),
(53, false, 51, 27),
(54, true, 52, 7),
(55, true, 53, 13),
(56, false, 54, 4),
(57, true, 55, 20),
(58, true, 56, 11),
(59, false, 57, 22),
(60, true, 58, 16),
(61, true, 59, 2),
(62, false, 60, 29),
(63, true, 61, 8),
(64, true, 62, 14),
(65, false, 63, 19),
(66, true, 64, 5),
(67, true, 65, 25),
(68, false, 66, 6),
(69, true, 1, 3),
(70, false, 2, 7),
(71, true, 3, 9),
(72, true, 4, 12),
(73, false, 5, 14),
(74, true, 6, 20),
(75, true, 7, 18),
(76, false, 8, 22),
(77, true, 9, 27),
(78, true, 10, 33),
(79, false, 11, 2),
(80, true, 12, 6),
(81, true, 13, 11),
(82, false, 14, 5),
(83, true, 15, 19),
(84, true, 16, 8),
(85, false, 17, 24),
(86, true, 18, 30),
(87, true, 19, 4),
(88, false, 20, 7),
(89, true, 21, 12),
(90, true, 22, 16),
(91, false, 23, 1),
(92, true, 24, 25),
(93, true, 25, 9),
(94, false, 26, 14),
(95, true, 27, 2),
(96, true, 28, 18),
(97, false, 29, 6),
(98, true, 30, 11),
(99, true, 31, 33);

INSERT INTO Avaliacao(IdAvaliacao, Comentario, Valor, IdUsuarioEscritor, IdUsuarioReceptor)
VALUES
(1, 'Tinha bafo de galinha, mas até que rimos bastante!', 2, 1, 2),
(2, 'Busólogo, ficou falando sobre ônibus o date inteiro, acho que queria o ônibus e não eu.', 1, 2, 3),
(3, 'Gostei, mas trouxe o cachorro grande demais pro encontro e o cachorro cagou no meu carro. :(', 1, 1, 3),
(4, 'Dizia que era iniciado numa seita secreta e queria me recrutar.', 1, 1, 2),
(5, 'Falava de sociedades secretas e mapas de tesouro que só ele entendia.', 2, 2, 3),
(6, 'A cada pergunta, respondia com teorias da conspiração sobre alienígenas.', 2, 3, 4),
(7, 'Levou um símbolo estranho e disse que éramos escolhidos para um ritual.', 1, 4, 5),
(8, 'Acredita que o governo controla nossos pensamentos através de Wi-Fi.', 1, 5, 6),
(9, 'Falava que era médium de uma ordem secreta e lia meu futuro.', 2, 6, 7),
(10, 'Tentou me convencer que éramos parte de uma experiência social global.', 1, 7, 8),
(11, 'A cada frase falava de Illuminati e sinais secretos nas ruas.', 2, 8, 9),
(12, 'Dizia que participava de cultos ocultos e queria me apresentar ao grupo.', 1, 9, 10),
(13, 'Falava que os vizinhos eram agentes secretos vigiando nossos passos.', 2, 10, 11),
(14, 'A cada bebida, contava histórias de sociedades secretas e rituais antigos.', 2, 11, 12),
(15, 'Falava que possuía um artefato místico capaz de controlar o tempo.', 1, 12, 13),
(16, 'Tentou me convencer que éramos peças de um jogo secreto do governo.', 2, 13, 14),
(17, 'Dizia que via mensagens codificadas em propagandas de TV.', 1, 14, 15),
(18, 'Acredita que está sendo seguido por sociedades secretas constantemente.', 2, 15, 16),
(19, 'Falava de profecias e símbolos ocultos espalhados pela cidade.', 1, 16, 17),
(20, 'Levou um amuleto estranho e disse que protegia contra conspirações.', 2, 17, 18),
(21, 'Dizia que participava de rituais noturnos e queria minha companhia.', 1, 18, 19),
(22, 'Falava de clones e experimentos secretos do governo.', 2, 19, 20),
(23, 'Tentou me convencer que estávamos em um plano global secreto de controle.', 1, 20, 21),
(24, 'A cada pergunta, respondia com histórias de sociedades secretas antigas.', 2, 21, 22),
(25, 'Dizia que possuía documentos secretos e mapas de lugares proibidos.', 1, 22, 23),
(26, 'Falava que havia um conselho oculto que decidia quem se apaixonava.', 2, 23, 24),
(27, 'Levou símbolos estranhos e dizia que eram sinais de proteção.', 1, 24, 25),
(28, 'Acredita que a Lua é controlada por uma seita de cientistas secretos.', 2, 25, 26),
(29, 'Falava de sociedades secretas de magos e alquimistas modernos.', 1, 26, 27),
(30, 'Tentou me convencer que nosso encontro era parte de um ritual global.', 2, 27, 28),
(31, 'Dizia que possuía poderes especiais dados por uma ordem secreta.', 1, 28, 29),
(32, 'Falava que os governos manipulam tudo através de sinais subliminares.', 2, 29, 30),
(33, 'A cada frase, incluía teorias conspiratórias de alienígenas e sociedades ocultas.', 1, 30, 31),
(34, 'Levou um amuleto e disse que protegíamos o mundo de forças secretas.', 2, 31, 32),
(35, 'Falava que participava de rituais antigos e queria me recrutar.', 1, 32, 33),
(36, 'Dizia que recebia mensagens cifradas de grupos secretos durante o dia.', 2, 33, 34),
(37, 'Acredita que o universo conspira para testar nossos relacionamentos.', 1, 34, 35),
(38, 'Falava que algumas pessoas tinham poderes de manipular emoções secretamente.', 2, 35, 36),
(39, 'Tentou me convencer que éramos escolhidos por uma sociedade secreta.', 1, 36, 37),
(40, 'Dizia que símbolos ocultos estavam escondidos por toda a cidade.', 2, 37, 38),
(41, 'Falava que participava de cultos secretos e que tudo era ritualístico.', 1, 38, 39),
(42, 'Levou um grimório antigo e disse que poderia nos ensinar magia.', 2, 39, 40),
(43, 'Dizia que havia sociedades secretas influenciando nossos encontros.', 1, 40, 41),
(44, 'Falava de mensagens escondidas em músicas e filmes populares.', 2, 41, 42),
(45, 'A cada risada, comentava sobre conspirações globais.', 1, 42, 43),
(46, 'Levou cartas estranhas e disse que eram previsões secretas.', 2, 43, 44),
(47, 'Tentou me convencer que éramos parte de um plano secreto do destino.', 1, 44, 45),
(48, 'Falava que conhecia segredos ocultos que ninguém mais sabia.', 2, 45, 46),
(49, 'Dizia que participava de rituais que controlavam sorte e amor.', 1, 46, 47),
(50, 'Falava sobre profecias secretas que só ele entendia.', 2, 47, 48),
(51, 'Levou uma máscara de ocultista e disse que éramos iniciados.', 1, 48, 49),
(52, 'Falava que algumas pessoas controlavam emoções à distância através de magia.', 2, 49, 50);

INSERT INTO AtraidoPor (IdAtracao, IdUsuario, IdGenero) VALUES
(1, 1, 1),
(2, 1, 2),
(3, 2, 3),
(4, 2, 4),
(5, 3, 1),
(6, 3, 2),
(7, 3, 3),
(8, 3, 4),
(9, 3, 5),
(10, 4, 1),
(11, 4, 2),
(12, 5, 1),
(13, 5, 2),
(14, 6, 1),
(15, 6, 2),
(16, 6, 3),
(17, 6, 4),
(18, 6, 5),
(19, 7, 1),
(20, 7, 2),
(21, 8, 1),
(22, 8, 2),
(23, 9, 3),
(24, 9, 4),
(25, 10, 3),
(26, 10, 4),
(27, 11, 1),
(28, 11, 2),
(29, 12, 1),
(30, 12, 2),
(31, 12, 3),
(32, 12, 4),
(33, 12, 5),
(34, 13, 1),
(35, 13, 2),
(36, 14, 3),
(37, 14, 4),
(38, 15, 3),
(39, 15, 4),
(40, 16, 1),
(41, 16, 2),
(42, 16, 3),
(43, 16, 4),
(44, 16, 5),
(45, 16, 6),
(46, 17, 1),
(47, 17, 2),
(48, 18, 3),
(49, 18, 4),
(50, 19, 3),
(51, 19, 4),
(52, 20, 1),
(53, 20, 2),
(54, 20, 3),
(55, 20, 4),
(56, 20, 5),
(57, 21, 3),
(58, 21, 4),
(59, 22, 1),
(60, 22, 2),
(61, 23, 1),
(62, 23, 2),
(63, 24, 1),
(64, 24, 2),
(65, 25, 3),
(66, 25, 4),
(67, 26, 1),
(68, 26, 2),
(69, 26, 3),
(70, 26, 4),
(71, 26, 5),
(72, 27, 1),
(73, 27, 2),
(74, 27, 3),
(75, 27, 4),
(76, 27, 5),
(77, 27, 6),
(78, 28, 3),
(79, 28, 4),
(80, 29, 1),
(81, 29, 2),
(82, 29, 3),
(83, 29, 4),
(84, 29, 5),
(85, 30, 1),
(86, 30, 2),
(87, 31, 1),
(88, 31, 2),
(89, 31, 3),
(90, 31, 4),
(91, 31, 5),
(92, 31, 6),
(93, 32, 1),
(94, 32, 2),
(95, 33, 3),
(96, 33, 4),
(97, 34, 1),
(98, 34, 2),
(99, 34, 3),
(100, 34, 4),
(101, 34, 5),
(102, 35, 3),
(103, 35, 4),
(104, 36, 1),
(105, 36, 2),
(106, 37, 1),
(107, 37, 2),
(108, 38, 3),
(109, 38, 4),
(110, 39, 1),
(111, 39, 2),
(112, 39, 3),
(113, 39, 4),
(114, 39, 5),
(115, 39, 6),
(116, 40, 1),
(117, 40, 2),
(118, 41, 1),
(119, 41, 2),
(120, 41, 3),
(121, 41, 4),
(122, 41, 5),
(123, 41, 6),
(124, 42, 1),
(125, 42, 2),
(126, 43, 1),
(127, 43, 2),
(128, 43, 3),
(129, 43, 4),
(130, 43, 5),
(131, 44, 1),
(132, 44, 2),
(133, 45, 1),
(134, 45, 2),
(135, 46, 1),
(136, 46, 2),
(137, 46, 3),
(138, 46, 4),
(139, 46, 5),
(140, 47, 3),
(141, 47, 4),
(142, 48, 3),
(143, 48, 4),
(144, 49, 3),
(145, 49, 4),
(146, 50, 1),
(147, 50, 2),
(148, 51, 1),
(149, 51, 2),
(150, 51, 3),
(151, 51, 4),
(152, 51, 5),
(153, 52, 1),
(154, 52, 2),
(155, 53, 3),
(156, 53, 4),
(157, 54, 1),
(158, 54, 2),
(159, 55, 3),
(160, 55, 4),
(161, 56, 1),
(162, 56, 2),
(163, 56, 3),
(164, 56, 4),
(165, 56, 5),
(166, 57, 1),
(167, 57, 2),
(168, 57, 3),
(169, 57, 4),
(170, 57, 5),
(171, 57, 6),
(172, 58, 3),
(173, 58, 4),
(174, 59, 1),
(175, 59, 2),
(176, 59, 3),
(177, 59, 4),
(178, 59, 5),
(179, 59, 6),
(180, 60, 1),
(181, 60, 2),
(182, 60, 3),
(183, 60, 4),
(184, 60, 5),
(185, 61, 1),
(186, 61, 2),
(187, 62, 3),
(188, 62, 4),
(189, 63, 1),
(190, 63, 2),
(191, 63, 3),
(192, 63, 4),
(193, 63, 5),
(194, 64, 1),
(195, 64, 2),
(196, 64, 3),
(197, 64, 4),
(198, 64, 5),
(199, 64, 6),
(200, 65, 1),
(201, 65, 2),
(202, 66, 3),
(203, 66, 4),
(204, 67, 1),
(205, 67, 2),
(206, 68, 1),
(207, 68, 2);